{"hyperparameters": {"learning_rate": 5.2450412465357104e-05, "weight_decay": 0.2608749957464675, "per_device_train_batch_size": 8, "use_class_weights": 1, "num_train_epochs": 6}, "scores": {"eval_loss": 0.6505595445632935, "eval_f1": 0.7755385585514463, "eval_runtime": 1.5483, "eval_samples_per_second": 109.798, "eval_steps_per_second": 14.209, "epoch": 6.0}}