{"hyperparameters": {"learning_rate": 1.780984956997185e-05, "weight_decay": 0.13623625681794493, "per_device_train_batch_size": 8, "use_class_weights": 1, "num_train_epochs": 7}, "scores": {"eval_loss": 0.6842054724693298, "eval_f1": 0.7242784015341963, "eval_runtime": 1.6146, "eval_samples_per_second": 110.245, "eval_steps_per_second": 14.245, "epoch": 7.0}}