{"hyperparameters": {"learning_rate": 1.4737592494938376e-05, "weight_decay": 0.20219333542590068, "per_device_train_batch_size": 16, "use_class_weights": 0, "num_train_epochs": 5}, "scores": {"eval_loss": 0.44189679622650146, "eval_f1": 0.7715736040609137, "eval_runtime": 4.532, "eval_samples_per_second": 110.328, "eval_steps_per_second": 13.901, "epoch": 5.0}}