{"hyperparameters": {"learning_rate": 2.0572403710331755e-05, "weight_decay": 0.26642591530767773, "per_device_train_batch_size": 8, "use_class_weights": 1, "num_train_epochs": 8}, "scores": {"eval_loss": 0.8875607252120972, "eval_f1": 0.6239890136005811, "eval_runtime": 1.6262, "eval_samples_per_second": 110.076, "eval_steps_per_second": 14.144, "epoch": 8.0}}