{"hyperparameters": {"learning_rate": 0.00010153671862535997, "weight_decay": 0.12288626353679324, "per_device_train_batch_size": 16, "use_class_weights": 1, "num_train_epochs": 3}, "scores": {"eval_loss": 0.8996633291244507, "eval_f1": 0.5893055555555555, "eval_runtime": 1.624, "eval_samples_per_second": 110.219, "eval_steps_per_second": 14.162, "epoch": 3.0}}