{"hyperparameters": {"learning_rate": 4.210307298036782e-05, "weight_decay": 0.22097859650921506, "per_device_train_batch_size": 8, "use_class_weights": 0, "num_train_epochs": 7}, "scores": {"eval_loss": 0.3020736277103424, "eval_f1": 0.6564646887869354, "eval_runtime": 1.6302, "eval_samples_per_second": 109.805, "eval_steps_per_second": 14.109, "epoch": 7.0}}