{"hyperparameters": {"learning_rate": 0.0001364527360629588, "weight_decay": 0.12670011512512033, "per_device_train_batch_size": 16, "use_class_weights": 1, "num_train_epochs": 2}, "scores": {"eval_loss": 0.8163861632347107, "eval_f1": 0.6004888328326901, "eval_runtime": 1.5418, "eval_samples_per_second": 110.258, "eval_steps_per_second": 14.269, "epoch": 2.0}}