{"hyperparameters": {"learning_rate": 8.337719067910884e-06, "weight_decay": 0.26386552538138414, "per_device_train_batch_size": 8, "use_class_weights": 1, "num_train_epochs": 8}, "scores": {"eval_loss": 1.0713777542114258, "eval_f1": 0.8073878627968337, "eval_runtime": 4.5337, "eval_samples_per_second": 110.286, "eval_steps_per_second": 13.896, "epoch": 8.0}}