{"hyperparameters": {"learning_rate": 6.465587546178847e-05, "weight_decay": 0.12781191047352786, "per_device_train_batch_size": 8, "use_class_weights": 0, "num_train_epochs": 5}, "scores": {"eval_loss": 0.32407912611961365, "eval_f1": 0.4904199097293726, "eval_runtime": 1.6244, "eval_samples_per_second": 110.192, "eval_steps_per_second": 14.159, "epoch": 5.0}}