{"hyperparameters": {"learning_rate": 0.00014314869097076, "weight_decay": 0.11515708700427463, "per_device_train_batch_size": 8, "use_class_weights": 0, "num_train_epochs": 7}, "scores": {"eval_loss": 0.2301458716392517, "eval_f1": 0.744383373606289, "eval_runtime": 1.5418, "eval_samples_per_second": 110.263, "eval_steps_per_second": 14.269, "epoch": 7.0}}