{"hyperparameters": {"learning_rate": 3.2312255576528485e-05, "weight_decay": 0.2480702730127363, "per_device_train_batch_size": 8, "use_class_weights": 1, "num_train_epochs": 8}, "scores": {"eval_loss": 0.7002338171005249, "eval_f1": 0.7412610978051408, "eval_runtime": 1.6206, "eval_samples_per_second": 109.836, "eval_steps_per_second": 14.192, "epoch": 8.0}}