{"hyperparameters": {"learning_rate": 4.317871052317039e-06, "weight_decay": 0.06343964786485047, "per_device_train_batch_size": 16, "use_class_weights": 1, "num_train_epochs": 7}, "scores": {"eval_loss": 1.433255672454834, "eval_f1": 0.16360217405513572, "eval_runtime": 0.016, "eval_samples_per_second": 2125.154, "eval_steps_per_second": 312.523, "epoch": 7.0}}